{
  "project_info": {
    "project_number": "457690180815",
    "project_id": "buoi13-36c57",
    "storage_bucket": "buoi13-36c57.firebasestorage.app"
  },
  "client": [
    {
      "client_info": {
        "mobilesdk_app_id": "1:457690180815:android:34b143d5755c8125f25bba",
        "android_client_info": {
          "package_name": "com.example.buoi13"
        }
      },
      "oauth_client": [],
      "api_key": [
        {
          "current_key": "AIzaSyBewb_QKrUIHXGX0m920yBcBIEJDFURN4A"
        }
      ],
      "services": {
        "appinvite_service": {
          "other_platform_oauth_client": []
        }
      }
    }
  ],
  "configuration_version": "1"
}